Questions,Type
How to sort list in python ?,
Sorting string in python,
Use of python for machine learning,O
How is dictionary implemented in python,O
How to create class in python ?,
Unable to alter string using index,
Converting dictionary to sorted list in python,O
Displaying time in python,
Best python library for graphics,
How do to do exceptional handling in python ?,
How can integrate mysql with python ?,
Is it possible to index tuple in py,O
Convet int to binary using python (KNN),O
Date time conversion using python,
How is garbage collection implemented in python,
Search and replace a line in a file in python,
What is the purpose of decorator in python ?,O
Use of __init__ in python ,O
Python has which searching algo ,
